ano,310670512A,314480505A,310900604A,311860101A,310620016A,310900601A,310900606A,310620007A
2014,46.59929432,55.92526,63.149732869,77.865126975,79.092268609,82.956879813,78.829558383,87.80271001
2015,50.607288644,62.739999999999995,60.50999999999999,91.49,40.57,66.533934546,58.33187866,67.66998186000001
2016,33.97,148.32,102.28999999999998,132.19,102.07,222.51,124.32000000000001,189.3
2017,59.21,104.01999999999998,86.08,127.53999999999999,88.14999999999999,76.5,100.92000000000002,88.35
2018,24.019999999999996,89.51999999999998,84.19,77.74999999999999,43.83999999999999,74.47,90.80000000000001,74.94999999999999
2019,0.0,69.28999999999999,67.40999999999998,55.679999999999986,69.47999999999999,43.97000000000001,55.89000000000001,72.57000000000001
2020,62.48999999999999,202.48,89.46999999999998,61.329999999999984,173.73,22.42000000000001,142.91,83.19999999999999
2021,115.96999999999998,137.15,67.91999999999997,104.58999999999999,90.47,108.84000000000002,78.88000000000001,178.63
2022,124.64999999999999,157.50999999999996,205.51999999999995,157.07999999999998,97.11000000000001,41.470000000000006,,112.35
2023,100.27,82.82999999999998,92.87999999999998,114.04999999999998,71.96,82.95,71.01,121.72999999999999
2024,76.91,109.47999999999999,110.21,82.22999999999998,79.1,80.48000000000002,69.52000000000001,53.009999999999984
2025,67.56,54.599999999999994,80.28999999999998,59.60999999999997,58.01,88.99000000000001,84.38000000000001,68.92999999999998
