ano,estacao,maxima_1dia_mm,maxima_24h_mm,coeficiente_24h_1dia,horas_com_dados,percentual_horas_ano_com_dados,dias_com_24_horas_validas,municipio,latitude,longitude
2014,310670512A,46.19929432,46.59929432,1.008658140906426,8010,91.43835616438356,331,Betim,-19.952,-44.12
2014,314480505A,55.52526,55.92526,1.0072039284462604,8010,91.43835616438356,331,Nova Lima,-19.999,-43.853
2014,310900604A,56.460240267,63.149732869,1.1184814759973645,6599,75.3310502283105,274,Brumadinho,-20.165,-44.023
2014,311860101A,48.456556163,77.865126975,1.6069059202860874,6502,74.22374429223744,268,Contagem,-19.917,-44.08
2014,310620016A,75.35800844,79.092268609,1.0495535941873146,7341,83.8013698630137,304,Belo Horizonte,-19.943,-43.964
2014,310900601A,81.956879813,82.956879813,1.0122015382025487,8009,91.4269406392694,331,Brumadinho,-20.143,-44.2
2014,310900606A,77.829558383,78.829558383,1.0128485889008774,8009,91.4269406392694,331,Brumadinho,-20.156,-44.147
2014,310620007A,77.75390355500001,87.80271001,1.1292386104820045,8009,91.4269406392694,331,Belo Horizonte,-19.866,-43.956
2015,310670512A,47.491468644,50.607288644,1.0656079942137913,8759,99.98858447488584,364,Betim,-19.952,-44.12
2015,314480505A,57.2301,62.739999999999995,1.0962762602197094,8759,99.98858447488584,364,Nova Lima,-19.999,-43.853
2015,310900604A,56.94,60.50999999999999,1.0626975763962063,6511,74.32648401826484,265,Brumadinho,-20.165,-44.023
2015,311860101A,66.67999999999999,91.49,1.3720755848830235,6591,75.23972602739725,272,Contagem,-19.917,-44.08
2015,310620016A,38.77,40.57,1.0464276502450347,8759,99.98858447488584,364,Belo Horizonte,-19.943,-43.964
2015,310900601A,62.396868891,66.533934546,1.066302456013089,8759,99.98858447488584,364,Brumadinho,-20.143,-44.2
2015,310900606A,48.246150029999995,58.33187866,1.20904732551154,8759,99.98858447488584,364,Brumadinho,-20.156,-44.147
2015,310620007A,60.768922686,67.66998186000001,1.113562308972607,8759,99.98858447488584,364,Belo Horizonte,-19.866,-43.956
2016,310670512A,33.910000000000004,33.97,1.0017693895606015,8646,98.42896174863388,359,Betim,-19.952,-44.12
2016,314480505A,106.95,148.32,1.3868162692847124,8645,98.41757741347905,359,Nova Lima,-19.999,-43.853
2016,310900604A,98.05000000000001,102.28999999999998,1.0432432432432428,5257,59.84744990892532,219,Brumadinho,-20.165,-44.023
2016,311860101A,131.59,132.19,1.0045596169921727,8645,98.41757741347905,359,Contagem,-19.917,-44.08
2016,310620016A,76.01,102.07,1.3428496250493354,8645,98.41757741347905,359,Belo Horizonte,-19.943,-43.964
2016,310900601A,222.51,222.51,1.0,8049,91.63251366120218,333,Brumadinho,-20.143,-44.2
2016,310900606A,101.9,124.32000000000001,1.2200196270853778,8783,99.98861566484517,365,Brumadinho,-20.156,-44.147
2016,310620007A,100.5,189.3,1.8835820895522388,2579,29.360200364298723,106,Belo Horizonte,-19.866,-43.956
2017,310670512A,50.93,59.21,1.1625760848223052,8685,99.14383561643835,355,Betim,-19.952,-44.12
2017,314480505A,83.53,104.01999999999998,1.2453010894289473,8743,99.80593607305936,358,Nova Lima,-19.999,-43.853
2017,310900604A,69.53,86.08,1.2380267510427154,8731,99.6689497716895,354,Brumadinho,-20.165,-44.023
2017,311860101A,88.58,127.53999999999999,1.4398284037028675,8749,99.87442922374429,360,Contagem,-19.917,-44.08
2017,310620016A,64.8,88.14999999999999,1.3603395061728394,8373,95.58219178082192,345,Belo Horizonte,-19.943,-43.964
2017,310900601A,64.9,76.5,1.1787365177195686,7789,88.91552511415524,317,Brumadinho,-20.143,-44.2
2017,310900606A,94.84,100.92000000000002,1.0641079713201183,8636,98.58447488584476,353,Brumadinho,-20.156,-44.147
2017,310620007A,57.09,88.35,1.5475564897530214,8747,99.85159817351598,358,Belo Horizonte,-19.866,-43.956
2018,310670512A,22.44,24.019999999999996,1.0704099821746877,8724,99.58904109589041,350,Betim,-19.952,-44.12
2018,314480505A,72.84,89.51999999999998,1.2289950576606257,6038,68.9269406392694,242,Nova Lima,-19.999,-43.853
2018,310900604A,60.56,84.19,1.3901915455746365,8726,99.61187214611873,351,Brumadinho,-20.165,-44.023
2018,311860101A,77.75,77.74999999999999,0.9999999999999998,8725,99.60045662100457,350,Contagem,-19.917,-44.08
2018,310620016A,43.839999999999996,43.83999999999999,0.9999999999999999,4313,49.2351598173516,175,Belo Horizonte,-19.943,-43.964
2018,310900601A,69.94,74.47,1.0647698026880184,4097,46.769406392694066,157,Brumadinho,-20.143,-44.2
2018,310900606A,71.11,90.80000000000001,1.2768949514836172,8720,99.54337899543378,345,Brumadinho,-20.156,-44.147
2018,310620007A,52.16,74.94999999999999,1.4369248466257667,5648,64.47488584474885,220,Belo Horizonte,-19.866,-43.956
2019,310670512A,0.0,0.0,,6852,78.21917808219177,268,Betim,-19.952,-44.12
2019,314480505A,61.81,69.28999999999999,1.1210160168257561,8014,91.48401826484019,295,Nova Lima,-19.999,-43.853
2019,310900604A,67.41,67.40999999999998,0.9999999999999998,8013,91.47260273972603,303,Brumadinho,-20.165,-44.023
2019,311860101A,43.12,55.679999999999986,1.2912801484230052,6861,78.32191780821918,270,Contagem,-19.917,-44.08
2019,310620016A,69.48,69.47999999999999,0.9999999999999998,8005,91.38127853881278,294,Belo Horizonte,-19.943,-43.964
2019,310900601A,38.1,43.97000000000001,1.1540682414698167,7125,81.33561643835617,259,Brumadinho,-20.143,-44.2
2019,310900606A,51.50000000000001,55.89000000000001,1.085242718446602,8276,94.47488584474885,327,Brumadinho,-20.156,-44.147
2019,310620007A,70.42,72.57000000000001,1.0305310991195684,8050,91.89497716894977,324,Belo Horizonte,-19.866,-43.956
2020,310670512A,62.49,62.48999999999999,0.9999999999999998,4952,56.3752276867031,139,Betim,-19.952,-44.12
2020,314480505A,187.55,202.48,1.07960543854972,5459,62.147085610200364,201,Nova Lima,-19.999,-43.853
2020,310900604A,66.32000000000001,89.46999999999998,1.3490651387213506,8396,95.58287795992715,241,Brumadinho,-20.165,-44.023
2020,311860101A,45.21,61.329999999999984,1.3565582835655825,4878,55.532786885245905,160,Contagem,-19.917,-44.08
2020,310620016A,122.98,173.73,1.4126687266222149,7319,83.32194899817851,256,Belo Horizonte,-19.943,-43.964
2020,310900601A,22.02,22.42000000000001,1.018165304268847,5408,61.56648451730419,123,Brumadinho,-20.143,-44.2
2020,310900606A,142.32,142.91,1.0041455874086567,7612,86.6575591985428,286,Brumadinho,-20.156,-44.147
2020,310620007A,64.91,83.19999999999999,1.2817747650593128,8728,99.36247723132969,356,Belo Horizonte,-19.866,-43.956
2021,310670512A,115.97,115.96999999999998,0.9999999999999999,8730,99.65753424657534,351,Betim,-19.952,-44.12
2021,314480505A,88.58,137.15,1.5483179047188982,8740,99.77168949771689,353,Nova Lima,-19.999,-43.853
2021,310900604A,67.14,67.91999999999997,1.0116175156389628,8513,97.18036529680366,302,Brumadinho,-20.165,-44.023
2021,311860101A,104.59,104.58999999999999,0.9999999999999999,8741,99.78310502283105,354,Contagem,-19.917,-44.08
2021,310620016A,90.47,90.47,1.0,6050,69.06392694063926,236,Belo Horizonte,-19.943,-43.964
2021,310900601A,107.87,108.84000000000002,1.0089923055529806,8512,97.1689497716895,308,Brumadinho,-20.143,-44.2
2021,310900606A,75.91,78.88000000000001,1.0391252799367674,7770,88.6986301369863,312,Brumadinho,-20.156,-44.147
2021,310620007A,171.75,178.63,1.0400582241630276,8611,98.29908675799086,350,Belo Horizonte,-19.866,-43.956
2022,310670512A,103.49,124.64999999999999,1.2044641994395593,8597,98.1392694063927,321,Betim,-19.952,-44.12
2022,314480505A,149.15,157.50999999999996,1.0560509554140125,8589,98.04794520547945,311,Nova Lima,-19.999,-43.853
2022,310900604A,203.36,205.51999999999995,1.0106215578284812,8544,97.53424657534246,292,Brumadinho,-20.165,-44.023
2022,311860101A,141.97,157.07999999999998,1.1064309361132632,8574,97.87671232876713,305,Contagem,-19.917,-44.08
2022,310620016A,89.31,97.11000000000001,1.087336244541485,8554,97.64840182648402,286,Belo Horizonte,-19.943,-43.964
2022,310900601A,39.3,41.470000000000006,1.0552162849872775,8643,98.66438356164383,342,Brumadinho,-20.143,-44.2
2022,310900606A,,,,0,0.0,0,Brumadinho,-20.156,-44.147
2022,310620007A,105.88000000000001,112.35,1.0611069134869662,8015,91.49543378995433,318,Belo Horizonte,-19.866,-43.956
2023,310670512A,99.08000000000001,100.27,1.0120104965684293,8705,99.37214611872146,349,Betim,-19.952,-44.12
2023,314480505A,60.83,82.82999999999998,1.3616636528028931,8709,99.41780821917808,349,Nova Lima,-19.999,-43.853
2023,310900604A,53.410000000000004,92.87999999999998,1.7390001872308551,8682,99.10958904109589,333,Brumadinho,-20.165,-44.023
2023,311860101A,114.05000000000001,114.04999999999998,0.9999999999999998,8711,99.44063926940639,353,Contagem,-19.917,-44.08
2023,310620016A,52.46,71.96,1.3717117804041172,8674,99.01826484018265,332,Belo Horizonte,-19.943,-43.964
2023,310900601A,81.57000000000001,82.95,1.0169179845531444,8659,98.84703196347031,323,Brumadinho,-20.143,-44.2
2023,310900606A,69.83,71.01,1.0168981812974367,7610,86.87214611872146,290,Brumadinho,-20.156,-44.147
2023,310620007A,106.9,121.72999999999999,1.1387277829747426,8635,98.5730593607306,350,Belo Horizonte,-19.866,-43.956
2024,310670512A,67.45,76.91,1.1402520385470718,8742,99.52185792349727,346,Betim,-19.952,-44.12
2024,314480505A,89.84,109.47999999999999,1.2186108637577915,8745,99.55601092896175,350,Nova Lima,-19.999,-43.853
2024,310900604A,110.21000000000001,110.21,0.9999999999999999,8715,99.21448087431693,330,Brumadinho,-20.165,-44.023
2024,311860101A,60.160000000000004,82.22999999999998,1.366855053191489,8758,99.7040072859745,359,Contagem,-19.917,-44.08
2024,310620016A,54.910000000000004,79.1,1.4405390639227826,8741,99.51047358834244,342,Belo Horizonte,-19.943,-43.964
2024,310900601A,74.18,80.48000000000002,1.0849285521703964,8336,94.89981785063752,300,Brumadinho,-20.143,-44.2
2024,310900606A,69.52,69.52000000000001,1.0000000000000002,8752,99.63570127504553,355,Brumadinho,-20.156,-44.147
2024,310620007A,39.7,53.009999999999984,1.3352644836272036,7430,84.5856102003643,258,Belo Horizonte,-19.866,-43.956
2025,310670512A,67.56,67.56,1.0,8740,99.77168949771689,350,Betim,-19.952,-44.12
2025,314480505A,46.660000000000004,54.599999999999994,1.1701671667381053,8740,99.77168949771689,349,Nova Lima,-19.999,-43.853
2025,310900604A,80.09,80.28999999999998,1.0024971906605067,8745,99.82876712328768,352,Brumadinho,-20.165,-44.023
2025,311860101A,59.61,59.60999999999997,0.9999999999999996,8735,99.71461187214612,348,Contagem,-19.917,-44.08
2025,310620016A,58.01,58.01,1.0,8740,99.77168949771689,349,Belo Horizonte,-19.943,-43.964
2025,310900601A,83.2,88.99000000000001,1.0695913461538462,8441,96.35844748858447,327,Brumadinho,-20.143,-44.2
2025,310900606A,82.58,84.38000000000001,1.0217970452894165,8744,99.81735159817352,353,Brumadinho,-20.156,-44.147
2025,310620007A,60.24,68.92999999999998,1.1442563081009292,7980,91.0958904109589,306,Belo Horizonte,-19.866,-43.956
